v,uv,esp,muestra
-7.35E-05,1.86E-07,1.20E-03,1
6.87E-05,1.62E-08,1.20E-03,1
-5.52E-04,1.27E-06,1.20E-03,1
5.96E-04,1.14E-07,1.20E-03,1
-1.00E-04,4.70E-07,1.20E-03,1
6.56E-05,1.86E-07,1.20E-03,1
-0.00004476,0.000000884,1.20E-03,2
0.000084948,0.000000214,1.20E-03,2
-0.000582274,0.00000128,1.20E-03,2
0.000611688,0.000000156,1.20E-03,2
-0.000108466,0.000000717,1.20E-03,2
0.000056994,0.000000486,1.20E-03,2